5,0.971077,0.126965,0.000103276
0,0.528498,0.109942,0.510218
1,0.178226,0.780705,0.0868998
6,0.66423,0.102301,0.232684
3,0.678289,0.12618,0.011281
9,0.740212,0.945639,0.791113
8,0.10807,0.206311,0.479064
7,0.311092,0.642962,0.311065
1,0.707725,0.0290869,0.409395
3,0.12388,0.251965,0.592314
9,0.778518,0.53133,0.00871599
2,0.240943,0.150569,0.341248
7,0.00412738,0.572755,0.444245
2,0.395486,0.99469,0.685456
8,0.832684,0.84478,0.838583
1,0.935095,0.560253,0.787499
2,0.544916,0.129306,0.496154
5,0.62165,0.102128,0.0725082
1,0.821746,0.700432,0.064082
6,0.0292491,0.49068,0.0963068
7,0.122616,0.79782,0.496612
1,0.868049,0.951551,0.591086
8,0.100433,0.858648,0.118454
7,0.834272,0.0370381,0.684779
7,0.559676,0.32163,0.655071
5,0.113067,0.690588,0.58589
5,0.620867,0.371538,0.671459
3,0.164689,0.552668,0.278105
2,0.114091,0.0475201,0.635043
8,0.885307,0.0902944,0.953905
2,0.277402,0.749544,0.0195772
7,0.727733,0.870084,0.632333
9,0.695208,0.814024,0.564991
3,0.117566,0.0530983,0.872865
7,0.915638,0.456827,0.863588
5,0.67471,0.496271,0.806348
5,0.000121974,0.909707,0.460659
8,0.91055,0.0101912,0.15212
1,0.529437,0.266266,0.348432
6,0.437541,0.51015,0.311897
3,0.525342,0.853865,0.732767
3,0.53238,0.894309,0.0190241
3,0.800089,0.918076,0.697885
5,0.426328,0.0246242,0.0467328
8,0.333957,0.082336,0.0567749
0,0.453698,0.970697,0.0113852
8,0.468093,0.672298,0.865233
0,0.460049,0.27817,0.791955
0,0.666522,0.765141,0.835995
8,0.90612,0.246685,0.191776
8,0.198394,0.730415,0.694124
2,0.526474,0.562958,0.556171
4,0.0162578,0.94504,0.623468
9,0.297189,0.10294,0.53917
6,0.797742,0.85415,0.888724
3,0.526745,0.512727,0.613343
6,0.367298,0.356888,0.192874
5,0.0938574,0.982847,0.208288
0,0.568675,0.444626,0.609185
5,0.303957,0.972758,0.786225
8,0.88071,0.467673,0.554636
0,0.494059,0.329612,0.597649
5,0.659691,0.373935,0.975121
2,0.622638,0.212947,0.507269
4,0.284778,0.560512,0.35889
9,0.845853,0.202141,0.66775
3,0.576325,0.730934,0.796538
4,0.403936,0.769722,0.844062
6,0.26126,0.22553,0.844672
4,0.71992,0.969915,0.38172
8,0.996219,0.623699,0.461007
0,0.547294,0.567836,0.383447
5,0.145502,0.0189194,0.822007
2,0.438671,0.829583,0.538702
7,0.885992,0.646793,0.972689
1,0.539154,0.93408,0.757823
1,0.703026,0.658095,0.491577
6,0.849341,0.152871,0.054309
0,0.618434,0.551272,0.0116554
5,0.59785,0.580097,0.00994088
4,0.828671,0.848156,0.832872
4,0.840914,0.704415,0.497039
1,0.385232,0.78876,0.976078
8,0.837517,0.343423,0.990074
0,0.433327,0.343808,0.587353
7,0.150942,0.2503,0.121226
5,0.265978,0.628246,0.46656
4,0.413437,0.691812,0.507869
5,0.645314,0.713471,0.75051
0,0.963984,0.157952,0.689086
6,0.730149,0.588068,0.504251
2,0.351415,0.93593,0.338341
8,0.266419,0.679843,0.164117
6,0.860679,0.947019,0.344968
0,0.428247,0.392705,0.724689
1,0.192541,0.984435,0.779888
4,0.689932,0.994245,0.229936
7,0.0123621,0.455785,0.0727201
0,0.536533,0.788857,0.43369
0,0.709633,0.263495,0.815005
5,0.3432,0.497865,0.833163
1,0.763003,0.357665,0.608656
6,0.0904678,0.958954,0.0378471
6,0.2072,0.673823,0.838707
8,0.671949,0.367005,0.455
3,0.0470417,0.465651,0.187452
2,0.539541,0.0565004,0.917645
7,0.0523437,0.828316,0.557735
3,0.909045,0.972995,0.461284
7,0.383035,0.730107,0.665766
8,0.357531,0.709147,0.515757
8,0.667669,0.686527,0.162293
6,0.671325,0.406472,0.444733
6,0.248718,0.453882,0.646292
2,0.127244,0.76917,0.833537
0,0.230958,0.0323443,0.26593
6,0.384726,0.182798,0.389793
2,0.0842786,0.699748,0.133719
7,0.0398564,0.877939,0.384273
1,0.59391,0.0893554,0.983499
4,0.321149,0.242456,0.587105
8,0.305322,0.576142,0.671722
4,0.924738,0.353603,0.444323
4,0.354158,0.204602,0.502903
2,0.782218,0.39924,0.502565
0,0.259421,0.367936,0.971893
6,0.174319,0.979156,0.77716
8,0.679374,0.222011,0.39642
5,0.73952,0.00375113,0.423019
4,0.266606,0.379419,0.489933
1,0.625667,0.619795,0.0676152
7,0.0380929,0.23873,0.423235
9,0.405231,0.164262,0.761941
4,0.989741,0.901803,0.992502
3,0.400866,0.927026,0.920466
3,0.872719,0.326722,0.384441
8,0.00300876,0.965498,0.85861
5,0.904134,0.832044,0.379229
2,0.625103,0.168771,0.271375
0,0.887912,0.255934,0.256505
1,0.104953,0.479547,0.31447
5,0.610589,0.122757,0.754273
0,0.602802,0.256436,0.895654
9,0.228341,0.197178,0.879453
6,0.438263,0.424964,0.351568
7,0.83732,0.199272,0.1525
9,0.931834,0.814691,0.223955
3,0.212953,0.454936,0.967511
4,0.319674,0.923945,0.0959771
1,0.237709,0.615419,0.920842
0,0.0195866,0.460578,0.46061
8,0.148716,0.839304,0.594411
6,0.383596,0.324259,0.340122
5,0.429163,0.0681196,0.373664
2,0.820455,0.16722,0.737317
5,0.111385,0.700677,0.345096
3,0.0389599,0.391534,0.584037
4,0.652035,0.529055,0.978031
9,0.26077,0.0138653,0.788722
7,0.897404,0.0415891,0.765455
1,0.638659,0.346947,0.101517
5,0.325232,0.884884,0.248485
2,0.313744,0.713895,0.270673
4,0.360086,0.76234,0.301445
8,0.0486287,0.211446,0.602227
8,0.810082,0.192913,0.676555
5,0.462463,0.13907,0.617324
1,0.699992,0.949477,0.641712
8,0.298263,0.8405,0.331338
0,0.484868,0.80701,0.249248
8,0.353787,0.898083,0.388493
4,0.847499,0.402779,0.168837
0,0.943738,0.663415,0.758481
9,0.856757,0.739037,0.51974
4,0.366719,0.192572,0.63439
9,0.63529,0.336138,0.931809
5,0.245036,0.248429,0.840843
2,0.803166,0.0947415,0.618554
7,0.861498,0.701402,0.783693
5,0.686614,0.547732,0.257953
0,0.344351,0.481068,0.890052
0,0.0596936,0.689893,0.117791
7,0.2799,0.914302,0.130577
0,0.925015,0.548181,0.253082
8,0.478457,0.145042,0.0587326
5,0.970963,0.455909,0.590814
2,0.372808,0.262234,0.851911
6,0.295516,0.575587,0.448315
6,0.843304,0.6223,0.0222098
2,0.999195,0.60462,0.148996
1,0.820337,0.852682,0.674032
1,0.0754621,0.0274051,0.952659
2,0.749084,0.795628,0.968354
5,0.481535,0.831561,0.979179
6,0.505812,0.6879,0.400707
6,0.63899,0.804022,0.60492
8,0.322531,0.588845,0.507783
0,0.824954,0.684291,0.745468
0,0.94318,0.727014,0.740189
1,0.910596,0.182864,0.915635
3,0.25057,0.366462,0.976699
5,0.573526,0.276218,0.308857
3,0.286979,0.632501,0.986553
6,0.766591,0.520171,0.253436
8,0.48916,0.265551,0.741915
5,0.0651823,0.228711,0.144042
2,0.711031,0.116688,0.302524
0,0.996307,0.567358,0.534548
3,0.234943,0.326018,0.356107
9,0.927821,0.156005,0.523251
8,0.680486,0.123789,0.364553
9,0.652417,0.22505,0.850998
0,0.664233,0.966123,0.985819
2,0.613337,0.61878,0.234912
9,0.776365,0.0247959,0.870262
1,0.255104,0.282829,0.173326
0,0.598206,0.740565,0.846942
0,0.284717,0.218426,0.151523
4,0.821769,0.0655292,0.446296
6,0.362973,0.53757,0.700301
6,0.717587,0.235534,0.650119
4,0.668546,0.583197,0.738832
5,0.0397833,0.447997,0.385801
2,0.785986,0.242398,0.937818
4,0.040124,0.968816,0.754391
6,0.764852,0.776113,0.962271
4,0.656013,0.974769,0.738017
7,0.702137,0.951096,0.140309
5,0.881515,0.686931,0.894355
6,0.511432,0.849962,0.632497
3,0.191915,0.0621532,0.157707
3,0.794218,0.820906,0.099622
8,0.744439,0.658295,0.295272
6,0.0692208,0.558729,0.183357
3,0.527327,0.102041,0.958569
5,0.427809,0.303126,0.00234945
4,0.0947416,0.0463222,0.727419
3,0.167208,0.608157,0.0789477
5,0.476316,0.400986,0.543016
9,0.326257,0.170008,0.993203
5,0.767666,0.0360327,0.988072
4,0.629224,0.129974,0.216608
8,0.111471,0.85183,0.45269
6,0.16057,0.319503,0.345266
6,0.319736,0.572682,0.312537
9,0.976454,0.617758,0.366899
8,0.751378,0.730938,0.0620851
4,0.979196,0.910798,0.0129443
3,0.570294,0.0658034,0.90762
7,0.432028,0.724144,0.961683
7,0.540829,0.166948,0.672253
1,0.633735,0.463303,0.24737
3,0.496899,0.677489,0.310767
1,0.512747,0.409839,0.209128
4,0.624751,0.00165085,0.462829
3,0.556196,0.352555,0.916694
6,0.53394,0.925815,0.898373
4,0.385884,0.454627,0.834159
2,0.23476,0.705232,0.807804
9,0.0911408,0.16173,0.260361
8,0.801796,0.714076,0.827419
6,0.475558,0.690675,0.372878
0,0.012164,0.379951,0.903251
2,0.228768,0.549551,0.192662
8,0.256587,0.747053,0.559301
2,0.713415,0.325922,0.609427
9,0.492155,0.988482,0.30304
0,0.455047,0.191994,0.742457
1,0.501415,0.46501,0.189918
0,0.740625,0.529969,0.801858
1,0.951216,0.252477,0.416278
6,0.965459,0.267798,0.702361
6,0.21455,0.167671,0.675848
9,0.792279,0.29546,0.405754
8,0.622479,0.536569,0.147004
2,0.765548,0.101407,0.869567
3,0.0642414,0.618879,0.742027
1,0.245897,0.112276,0.591312
3,0.0917376,0.516939,0.977948
1,0.622034,0.598817,0.218488
3,0.529687,0.164617,0.574773
1,0.218575,0.454889,0.861896
6,0.730776,0.540531,0.933496
9,0.413007,0.525579,0.232623
6,0.170535,0.942609,0.903394
0,0.602583,0.741724,0.39254
9,0.30697,0.683438,0.217611
1,0.277338,0.79634,0.602631
7,0.247535,0.719813,0.675601
2,0.14609,0.0453629,0.664419
6,0.423173,0.74978,0.508957
7,0.00885817,0.821811,0.488558
5,0.0907054,0.317966,0.976518
9,0.213319,0.310058,0.74694
7,0.131315,0.262641,0.550722
9,0.497801,0.985382,0.151683
3,0.0224701,0.115415,0.796259
6,0.195424,0.321044,0.241515
8,0.386451,0.212792,0.881965
8,0.878644,0.91118,0.251836
4,0.916398,0.981764,0.708271
1,0.419886,0.827766,0.279077
8,0.361014,0.55556,0.971893
5,0.810849,0.876115,0.387749
9,0.512261,0.0219592,0.460372
2,0.534504,0.616484,0.613641
4,0.164691,0.185663,0.859059
6,0.421574,0.696364,0.0117615
6,0.152692,0.422769,0.709753
3,0.346721,0.686355,0.675642
6,0.81151,0.871247,0.908792
5,0.259923,0.45385,0.457615
4,0.910251,0.184016,0.299788
8,0.284755,0.844574,0.855892
4,0.771362,0.239862,0.492423
4,0.576271,0.703333,0.0810539
4,0.18091,0.384471,0.659265
6,0.71889,0.135316,0.0278406
5,0.536738,0.880562,0.234672
0,0.441625,0.959888,0.0499791
6,0.267139,0.546307,0.993189
1,0.776222,0.379419,0.558598
1,0.544763,0.368426,0.914307
6,0.182351,0.560228,0.134501
6,0.923601,0.463147,0.902547
5,0.805256,0.780853,0.585692
8,0.946035,0.870154,0.328706
2,0.0139905,0.367044,0.67734
1,0.840592,0.11536,0.0102455
6,0.347226,0.96528,0.658449
9,0.0412663,0.581463,0.0155545
7,0.784521,0.352406,0.887354
2,0.00545992,0.711908,0.997695
2,0.360651,0.239602,0.993118
6,0.0163588,0.678076,0.836638
0,0.0649086,0.00777522,0.305847
1,0.197726,0.295984,0.0853261
3,0.486538,0.706458,0.18857
7,0.424454,0.675424,0.622474
6,0.133636,0.0056538,0.442493
7,0.426978,0.515612,0.097259
3,0.908741,0.239524,0.403926
0,0.922989,0.151295,0.17513
8,0.129366,0.0368617,0.501339
0,0.686328,0.675105,0.581496
1,0.0617847,0.352535,0.813717
7,0.538878,0.800614,0.353673
3,0.597525,0.969436,0.267027
0,0.745488,0.448998,0.804649
1,0.137531,0.602771,0.467937
2,0.109985,0.480691,0.470115
2,0.770919,0.976246,0.401692
7,0.323703,0.535873,0.114786
3,0.144755,0.815991,0.943467
1,0.709212,0.587249,0.476237
1,0.674571,0.892862,0.320535
5,0.63889,0.482201,0.948018
9,0.598133,0.726332,0.611629
9,0.659286,0.885242,0.963636
1,0.780162,0.56596,0.139204
3,0.726341,0.60498,0.0709078
2,0.0159751,0.371737,0.204466
2,0.013811,0.245541,0.710564
4,0.540235,0.61097,0.332931
9,0.49035,0.397885,0.511946
6,0.00359521,0.989514,0.424015
8,0.645813,0.425994,0.582642
6,0.336889,0.64657,0.586022
1,0.395033,0.110796,0.388355
8,0.809611,0.0291958,0.943979
6,0.68145,0.213829,0.666803
7,0.20127,0.962609,0.41333
9,0.453768,0.0562655,0.642421
8,0.824294,0.966341,0.491091
3,0.730691,0.699289,0.23078
8,0.373925,0.493393,0.846898
7,0.280733,0.503073,0.162604
9,0.909674,0.560745,0.200162
7,0.0100989,0.493522,0.769802
7,0.198928,0.771334,0.905413
9,0.838624,0.721649,0.989935
6,0.32127,0.836259,0.4468
6,0.477855,0.363176,0.619128
5,0.302889,0.653729,0.287504
7,0.274268,0.81809,0.366472
9,0.607903,0.109067,0.824292
4,0.552948,0.319648,0.394396
5,0.117657,0.761428,0.392839
3,0.548194,0.0982643,0.793112
7,0.14156,0.231478,0.246307
6,0.384181,0.894696,0.877787
5,0.500647,0.767789,0.883598
7,0.605362,0.745559,0.997735
4,0.769039,0.542504,0.0207622
1,0.00897414,0.522577,0.696193
1,0.420995,0.79241,0.999714
0,0.228403,0.751253,0.169724
2,0.148519,0.29807,0.0974969
0,0.172137,0.809486,0.786891
8,0.016166,0.936522,0.430934
3,0.725184,0.692828,0.10755
2,0.763797,0.387712,0.0721875
1,0.87314,0.766795,0.134309
2,0.437583,0.232705,0.868205
5,0.834081,0.657543,0.105332
6,0.723089,0.12786,0.854673
0,0.621408,0.632636,0.611005
6,0.261358,0.97172,0.368298
7,0.74049,0.033815,0.00464851
8,0.804525,0.0447156,0.385081
6,0.586651,0.898153,0.179334
9,0.417826,0.955034,0.187002
7,0.68009,0.678392,0.588933
1,0.229234,0.225586,0.056222
2,0.902214,0.549679,0.900548
7,0.11716,0.321362,0.793257
0,0.53239,0.198158,0.533219
8,0.661723,0.404939,0.692144
9,0.590817,0.467215,0.857429
4,0.270095,0.980115,0.442073
1,0.773128,0.642268,0.374716
5,0.344336,0.591056,0.386934
2,0.777537,0.986009,0.695831
3,0.0616571,0.865725,0.972901
5,0.878087,0.822941,0.348156
8,0.466693,0.754022,0.923924
4,0.776121,0.964499,0.876914
6,0.526136,0.0797545,0.865503
0,0.1643,0.811362,0.0893768
9,0.726046,0.118549,0.996539
0,0.316272,0.46838,0.159262
5,0.412048,0.830682,0.944379
0,0.66918,0.915499,0.500965
5,0.493592,0.97195,0.710354
9,0.000799339,0.887426,0.248017
5,0.116735,0.0978126,0.29824
1,0.114339,0.0571483,0.0721393
4,0.43264,0.260733,0.477065
4,0.377145,0.600473,0.938068
6,0.354494,0.0663832,0.132258
0,0.465072,0.546106,0.0412594
0,0.0341667,0.330525,0.495981
8,0.99137,0.637687,0.0469942
3,0.613347,0.707414,0.701358
9,0.401826,0.727622,0.0368552
3,0.627283,0.792703,0.443774
9,0.632327,0.318705,0.117892
3,0.745535,0.628395,0.512498
8,0.509125,0.481388,0.0482676
7,0.177805,0.1816,0.77505
7,0.121723,0.363546,0.853889
2,0.182939,0.800415,0.159014
3,0.308866,0.502253,0.0460327
0,0.428346,0.896358,0.0190267
5,0.880458,0.667323,0.934102
5,0.516535,0.229503,0.155194
8,0.451046,0.125066,0.461977
0,0.868574,0.298202,0.576079
6,0.969405,0.0400547,0.11
3,0.322212,0.879648,0.478294
7,0.110106,0.372749,0.178993
8,0.351012,0.657423,0.455201
9,0.549978,0.163136,0.279549
7,0.80963,0.768327,0.994889
6,0.0761468,0.427045,0.479803
1,0.607881,0.197772,0.0283038
1,0.0925799,0.596189,0.061812
0,0.755667,0.555158,0.514024
6,0.941924,0.606779,0.383472
8,0.840611,0.804715,0.486462
5,0.473055,0.509872,0.43556
0,0.320213,0.142715,0.385945
6,0.231705,0.212388,0.713347
9,0.125305,0.701436,0.538485
7,0.664834,0.192265,0.950837
5,0.0317553,0.37933,0.0580765
1,0.0299614,0.322907,0.0127444
2,0.281816,0.62077,0.512898
8,0.0801041,0.965525,0.482688
2,0.0295798,0.978725,0.0225274
9,0.263203,0.082018,0.962689
1,0.978797,0.360246,0.578602
1,0.0957813,0.0271754,0.768911
9,0.526556,0.839921,0.0871482
5,0.12598,0.624894,0.29335
2,0.905789,0.987301,0.216031
1,0.539145,0.94707,0.867212
8,0.63123,0.184068,0.340851
8,0.898971,0.608624,0.0426318
5,0.684872,0.0188858,0.589703
1,0.0485233,0.917685,0.526399
0,0.621767,0.177596,0.895438
0,0.733684,0.559456,0.307907
7,0.187103,0.0949049,0.286155
3,0.826251,0.269657,0.553919
0,0.462309,0.890321,0.16671
9,0.680929,0.0853447,0.84555
3,0.0510543,0.562331,0.550322
4,0.466983,0.412191,0.748753
6,0.426068,0.86006,0.151947
3,0.425125,0.90279,0.978828
4,0.707522,0.32485,0.360716
0,0.309899,0.352986,0.919717
2,0.340947,0.85721,0.861035
9,0.0834146,0.963206,0.825733
8,0.95675,0.79517,0.480465
1,0.850812,0.239872,0.972782
3,0.363569,0.262764,0.389171
0,0.413683,0.494436,0.583075
8,0.125182,0.369797,0.0187199
0,0.0151963,0.121598,0.908614
6,0.982811,0.33702,0.542239
0,0.0313994,0.872101,0.612506
0,0.763936,0.720931,0.0152051
6,0.860973,0.547515,0.189276
8,0.766619,0.561013,0.0513781
8,0.150597,0.886429,0.333345
6,0.33863,0.743943,0.937755
9,0.337829,0.965805,0.885275
7,0.334981,0.0253693,0.277226
5,0.542049,0.623611,0.796404
1,0.82739,0.758267,0.750365
5,0.486369,0.936944,0.995846
9,0.766161,0.903677,0.153692
1,0.489537,0.0212073,0.888901
6,0.250599,0.541605,0.0115431
9,0.776905,0.910044,0.804142
4,0.537525,0.645274,0.672387
0,0.923796,0.759724,0.468566
0,0.511272,0.957791,0.732479
0,0.0697988,0.46581,0.766902
0,0.510833,0.139616,0.137006
8,0.512196,0.808367,0.70035
6,0.0989976,0.965263,0.51737
1,0.27873,0.386585,0.966116
0,0.722132,0.422239,0.331354
5,0.916666,0.803513,0.110396
0,0.794705,0.173923,0.84276
7,0.675203,0.784275,0.523158
3,0.861498,0.751504,0.478323
0,0.616188,0.476583,0.302635
8,0.537698,0.0555009,0.326474
8,0.1699,0.969633,0.0190979
6,0.556389,0.142955,0.0229866
9,0.917534,0.651753,0.369678
5,0.666971,0.520049,0.0858627
8,0.100083,0.480893,0.0508541
4,0.591973,0.307026,0.306651
3,0.625984,0.298337,0.502471
6,0.561069,0.409435,0.896672
5,0.0697682,0.0854475,0.0732699
9,0.638069,0.585023,0.716817
3,0.651747,0.389798,0.0822719
0,0.962657,0.519481,0.77544
5,0.0930106,0.161323,0.647796
7,0.848986,0.704968,0.390209
9,0.065621,0.255131,0.948171
8,0.837665,0.725906,0.835132
5,0.425668,0.102395,0.615489
9,0.298266,0.965314,0.7721
7,0.392935,0.175172,0.920319
3,0.44192,0.290428,0.430491
1,0.796584,0.97691,0.912697
3,0.294834,0.700529,0.821102
0,0.793861,0.695281,0.309936
3,0.282326,0.527755,0.826153
7,0.419623,0.29251,0.398353
8,0.853705,0.0993026,0.801879
7,0.684358,0.165517,0.158897
5,0.0544346,0.834449,0.845235
9,0.669525,0.739707,0.340447
0,0.283502,0.498568,0.587731
0,0.944537,0.477906,0.54854
4,0.436627,0.307795,0.432002
7,0.671143,0.0792993,0.0551796
5,0.962073,0.367223,0.510388
8,0.144328,0.955641,0.828873
6,0.694157,0.920814,0.774159
0,0.20464,0.122281,0.614234
4,0.337198,0.55189,0.333322
8,0.503053,0.276674,0.704531
0,6.02579e-05,0.169261,0.103842
6,0.652847,0.732224,0.940634
1,0.946963,0.555115,0.692521
0,0.342901,0.0161162,0.796108
7,0.793247,0.306274,0.0777101
4,0.936058,0.0667272,0.956046
8,0.696995,0.633551,0.25958
1,0.598115,0.167924,0.665477
7,0.577455,0.244644,0.368195
2,0.16164,0.965717,0.606203
3,0.777419,0.143125,0.885193
0,0.10502,0.532248,0.546707
4,0.99204,0.120573,0.0327429
8,0.0478573,0.347714,0.382297
9,0.837734,0.393784,0.89952
1,0.944362,0.757268,0.617008
5,0.355299,0.328981,0.295492
3,0.0840448,0.808634,0.806624
6,0.348829,0.062011,0.00198578
8,0.589292,0.166105,0.974156
1,0.23062,0.0385724,0.158703
0,0.889673,0.672958,0.0442884
7,0.12857,0.922625,0.538048
8,0.930453,0.875808,0.235737
9,0.793153,0.0504273,0.744622
0,0.330931,0.775431,0.508875
3,0.546141,0.557007,0.155837
3,0.836719,0.66894,0.312213
8,0.212144,0.925612,0.14368
5,0.442216,0.409939,0.504555
5,0.881884,0.793992,0.811432
3,0.587204,0.0232058,0.971106
0,0.769564,0.862539,0.761606
0,0.950532,0.621345,0.929429
0,0.368231,0.520619,0.661056
6,0.586925,0.145834,0.480217
2,0.260566,0.217886,0.32566
6,0.14091,0.217078,0.682213
5,0.442507,0.687127,0.802335
5,0.909799,0.49021,0.416382
1,0.185732,0.71038,0.30029
5,0.448944,0.409058,0.896936
2,0.136659,0.665049,0.866678
0,0.613313,0.502921,0.913383
4,0.229226,0.692145,0.210277
7,0.697094,0.221174,0.767798
0,0.521444,0.262688,0.588755
1,0.984423,0.00714357,0.707778
3,0.387204,0.984725,0.776895
8,0.0323194,0.825422,0.802495
8,0.787039,0.921219,0.540088
5,0.540102,0.613837,0.0234291
0,0.279086,0.355498,0.72434
1,0.14474,0.391184,0.382853
6,0.366282,0.479076,0.29519
1,0.740664,0.0259879,0.156479
3,0.0477328,0.512525,0.539323
6,0.977953,0.411099,0.0148385
4,0.154255,0.525499,0.563382
9,0.705575,0.123743,0.0557146
1,0.244579,0.342616,0.900762
6,0.964619,0.664664,0.162669
0,0.974083,0.51393,0.491735
8,0.904589,0.724676,0.731977
6,0.80161,0.896411,0.337665
8,0.502116,0.0822859,0.465712
5,0.189157,0.989739,0.565553
0,0.378345,0.122397,0.232477
3,0.104882,0.472273,0.418806
6,0.401756,0.765786,0.926401
2,0.940466,0.0472168,0.206429
8,0.867647,0.139509,0.177339
0,0.952658,0.0347744,0.507407
9,0.704827,0.261728,0.553086
5,0.421727,0.507721,0.247864
4,0.0485262,0.951893,0.854959
1,0.76373,0.571859,0.411549
9,0.335574,0.768174,0.799145
6,0.966716,0.903652,0.830545
5,0.403454,0.396108,0.637793
8,0.901365,0.283527,0.920305
0,0.506604,0.561626,0.7841
2,0.998443,0.595553,0.249296
2,0.4938,0.922599,0.629661
7,0.282418,0.128761,0.952206
4,0.877118,0.133904,0.415528
2,0.442785,0.601603,0.653494
5,0.56978,0.39579,0.325518
6,0.330415,0.0945979,0.864039
9,0.324977,0.878778,0.234431
6,0.242381,0.110253,0.487763
9,0.0490488,0.797244,0.330131
5,0.837562,0.258145,0.999683
3,0.571238,0.0178057,0.71795
7,0.905955,0.906548,0.804048
8,0.266431,0.0470563,0.0563835
9,0.619717,0.972441,0.554068
0,0.915222,0.386518,0.352615
0,0.139008,0.968202,0.533218
2,0.744521,0.252097,0.153918
7,0.719296,0.730391,0.564792
4,0.51247,0.00562008,0.984151
5,0.132061,0.0979287,0.863451
4,0.222658,0.806537,0.0932208
1,0.349679,0.744661,0.0578228
9,0.971157,0.298259,0.890798
7,0.859074,0.642327,0.205567
9,0.0927588,0.387751,0.662289
7,0.363837,0.955025,0.628608
6,0.223133,0.06594,0.995916
5,0.484411,0.0392475,0.0454029
9,0.482111,0.281732,0.709592
9,0.454669,0.563705,0.15122
8,0.965035,0.244872,0.121405
9,0.988395,0.148655,0.27772
4,0.564803,0.540735,0.0286995
4,0.664094,0.956364,0.659573
9,0.454992,0.24295,0.77624
0,0.123067,0.930336,0.665285
9,0.11051,0.441395,0.943739
1,0.671541,0.759403,0.10196
6,0.767004,0.962219,0.416693
2,0.69812,0.0366061,0.326153
3,0.756008,0.511886,0.435055
8,0.1636,0.287927,0.390278
4,0.416697,0.747025,0.620394
8,0.25625,0.884606,0.991456
2,0.58858,0.444345,0.141891
1,0.901814,0.227413,0.364658
2,0.512729,0.720103,0.883128
7,0.92407,0.0902141,0.295626
2,0.0153719,0.569184,0.771896
3,0.95246,0.751737,0.528918
6,0.429327,0.148458,0.813021
9,0.743603,0.579361,0.24829
6,0.948431,0.823491,0.755056
7,0.0777705,0.658543,0.462089
2,0.942947,0.0673589,0.863145
5,0.954621,0.774877,0.971766
6,0.18355,0.820597,0.772177
8,0.373884,0.799779,0.352415
3,0.514308,0.973033,0.377099
9,0.907827,0.58365,0.250837
2,0.0619934,0.22566,0.259916
3,0.767633,0.105675,0.279224
6,0.0918257,0.818781,0.365996
5,0.0280334,0.283913,0.862073
7,0.201896,0.865859,0.677524
5,0.0625883,0.132309,0.807435
2,0.519297,0.925389,0.302692
5,0.35789,0.6653,0.0381321
1,0.908893,0.426569,0.298298
3,0.180696,0.187704,0.00182531
9,0.442305,0.292521,0.171333
7,0.0457799,0.370767,0.655949
2,0.156517,0.704696,0.0927118
0,0.665942,0.452576,0.630942
4,0.740313,0.626761,0.411113
0,0.437633,0.126427,0.205967
4,0.862789,0.447103,0.76778
4,0.614094,0.8819,0.575942
9,0.786684,0.504054,0.488557
9,0.950423,0.436727,0.390202
6,0.903141,0.260017,0.106068
7,0.397903,0.437314,0.967408
1,0.561499,0.0424242,0.412154
2,0.706612,0.0767764,0.341542
7,0.73212,0.666756,0.962885
5,0.750895,0.901347,0.0996907
9,0.387934,0.213798,0.853647
7,0.610092,0.279993,0.312866
1,0.0885511,0.0050958,0.637481
2,0.510624,0.670229,0.394223
3,0.465074,0.671355,0.626511
6,0.658263,0.104869,0.572894
6,0.667879,0.0728879,0.176735
1,0.407059,0.751737,0.681466
6,0.635804,0.79476,0.212508
3,0.793005,0.160587,0.172762
5,0.780842,0.0164437,0.799608
0,0.153558,0.922787,0.619513
2,0.781083,0.372229,0.237766
6,0.338715,0.647341,0.565782
2,0.806666,0.0347104,0.283655
8,0.186151,0.884781,0.732548
2,0.86839,0.99248,0.905838
5,0.0159492,0.0860339,0.0998746
4,0.450198,0.990349,0.963254
1,0.00622378,0.631692,0.0596944
7,0.00711946,0.811385,0.482784
1,0.51271,0.1827,0.924373
2,0.785045,0.844693,0.680981
4,0.0608388,0.299692,0.950813
0,0.665269,0.737889,0.376715
6,0.767225,0.614848,0.118977
3,0.596547,0.0678159,0.721528
1,0.106369,0.660613,0.600106
6,0.593283,0.662553,0.117575
7,0.988417,0.283434,0.429931
8,0.600352,0.706248,0.647588
2,0.757528,0.338185,0.639586
6,0.598852,0.448189,0.457038
8,0.276683,0.26951,0.240337
0,0.268059,0.315028,0.727568
8,0.493497,0.940533,0.675197
5,0.996506,0.493101,0.564188
3,0.543261,0.307635,0.361973
0,0.850343,0.929395,0.436877
3,0.498966,0.426316,0.162047
6,0.764322,0.939874,0.231612
5,0.615615,0.712036,0.226443
3,0.700876,0.590011,0.673677
9,0.580869,0.539063,0.821139
2,0.671114,0.746328,0.57776
8,0.0787004,0.236648,0.844879
5,0.286485,0.696324,0.261246
1,0.883144,0.108048,0.647754
9,0.421669,0.313688,0.662662
6,0.579656,0.210364,0.56375
8,0.871291,0.60613,0.963343
3,0.580507,0.695561,0.096803
4,0.796917,0.323571,0.00806574
5,0.66455,0.20913,0.0211693
1,0.179298,0.913459,0.704249
3,0.338614,0.766331,0.081554
2,0.804097,0.505528,0.582936
5,0.813311,0.101928,0.238684
8,0.928598,0.0833319,0.466109
6,0.106293,0.638466,0.913349
8,0.0247218,0.431506,0.29425
1,0.925035,0.934169,0.0262423
5,0.784221,0.983875,0.235987
0,0.661584,0.729205,0.485081
5,0.727852,0.614476,0.252325
6,0.126435,0.747317,0.962959
1,0.364309,0.391019,0.257591
4,0.874089,0.0654044,0.707637
6,0.887518,0.691483,0.634265
1,0.392694,0.752825,0.423465
5,0.750852,0.775043,0.110276
6,0.62908,0.0789743,0.946295
3,0.255412,0.609595,0.424186
6,0.447362,0.130977,0.504222
7,0.58551,0.630402,0.891752
5,0.712849,0.215602,0.548479
0,0.41215,0.747309,0.581117
8,0.94943,0.848082,0.622657
2,0.261629,0.286412,0.682018
5,0.695645,0.449494,0.368135
4,0.508745,0.0637556,0.153714
3,0.889535,0.807226,0.933908
4,0.867603,0.816115,0.425373
8,0.187553,0.147286,0.82171
5,0.206827,0.186981,0.44037
6,0.306062,0.153748,0.783551
9,0.206929,0.294905,0.421177
0,0.171161,0.392717,0.746916
7,0.846619,0.0547591,0.775991
7,0.576564,0.466769,0.605901
0,0.426555,0.284464,0.0956081
7,0.123404,0.823362,0.393443
9,0.301127,0.0334541,0.369708
8,0.90738,0.0565396,0.526775
5,0.727733,0.405435,0.0167902
5,0.930393,0.0727839,0.09892
4,0.910213,0.99739,0.868406
1,0.253478,0.0653283,0.535514
3,0.578508,0.747386,0.301905
4,0.427424,0.101665,0.384508
8,0.531949,0.389185,0.571617
7,0.9223,0.188171,0.0495414
3,0.543023,0.954016,0.506997
8,0.21391,0.434069,0.637036
5,0.62555,0.14986,0.518977
9,0.926312,0.576943,0.164198
7,0.855401,0.292031,0.186247
8,0.465009,0.981957,0.456647
5,0.376985,0.0592577,0.450026
4,0.182353,0.945637,0.551555
8,0.732124,0.356656,0.633613
6,0.103577,0.537534,0.744174
5,0.0492614,0.28385,0.826114
9,0.974439,0.71671,0.924506
0,0.260529,0.34088,0.999467
9,0.274332,0.811086,0.819131
0,0.546015,0.628258,0.699341
9,0.526979,0.368078,0.692784
7,0.852895,0.842096,0.509748
2,0.242584,0.341693,0.297753
1,0.506628,0.0656983,0.474447
6,0.960579,0.250553,0.122769
7,0.257952,0.552816,0.391424
2,0.381279,0.951224,0.997344
2,0.9676,0.832239,0.810299
0,0.590916,0.429508,0.516942
2,0.853806,0.764727,0.0799181
0,0.0281536,0.800227,0.441977
0,0.559066,0.573435,0.170313
7,0.556821,0.554165,0.94987
4,0.727467,0.977673,0.409464
9,0.184337,0.0561116,0.0269284
6,0.26617,0.931934,0.441903
8,0.941823,0.650019,0.898403
2,0.576099,0.202748,0.289217
3,0.895098,0.524123,0.40961
5,0.400494,0.989442,0.599939
0,0.979242,0.72276,0.173409
6,0.129208,0.663486,0.821639
4,0.742238,0.107356,0.585346
9,0.282685,0.396669,0.982773
7,0.409954,0.641302,0.358275
3,0.154718,0.507949,0.0665615
0,0.329991,0.0698117,0.466947
0,0.865614,0.329632,0.518937
0,0.256659,0.262705,0.0551108
9,0.695677,0.110896,0.021375
8,0.674672,0.820795,0.932114
3,0.699678,0.999683,0.333333
0,0.800205,0.602024,0.522752
0,0.186734,0.928833,0.197589
7,0.631518,0.892901,0.133555
8,0.434756,0.855061,0.390239
7,0.418568,0.512504,0.0723
1,0.969248,0.420351,0.816371
7,0.694002,0.770758,0.724913
4,0.273828,0.600332,0.833098
0,0.14621,0.00606031,0.734442
5,0.416015,0.433879,0.21055
9,0.996153,0.31579,0.481544
9,0.399105,0.926367,0.303294
0,0.625688,0.978994,0.517934
4,0.298861,0.459481,0.704511
9,0.17132,0.087548,0.753609
2,0.780946,0.436781,0.924399
6,0.323162,0.536773,0.556893
0,0.631624,0.393622,0.616361
5,0.0732449,0.756982,0.59026
6,0.00695946,0.196665,0.249707
6,0.790969,0.985612,0.523984
6,0.647424,0.352837,0.216489
2,0.886886,0.39077,0.012195
1,0.123221,0.564727,0.049855
7,0.20006,0.536979,0.713753
0,0.707128,0.466726,0.0781242
7,0.713923,0.0604563,0.0238363
2,0.805925,0.00867216,0.41888
9,0.0503334,0.027065,0.82112
4,0.907441,0.198157,0.10623
6,0.964378,0.357859,0.622237
1,0.902407,0.456905,0.666283
9,0.958274,0.225934,0.189559
5,0.4887,0.950747,0.62896
2,0.55037,0.642475,0.174733
5,0.63016,0.391918,0.584191
1,0.0699063,0.642241,0.279337
6,0.218289,0.892938,0.121182
8,0.0346111,0.762635,0.0498637
5,0.498426,0.105075,0.444089
4,0.0924925,0.112262,0.595179
8,0.520471,0.457236,0.366658
7,0.476884,0.723226,0.935482
7,0.566338,0.711069,0.794123
0,0.376082,0.450641,0.529461
4,0.272725,0.621929,0.475502
0,0.410994,0.432368,0.554113
9,0.158199,0.4302,0.172563
5,0.478866,0.0373315,0.114071
9,0.609939,0.2448,0.366057
5,0.87254,0.219217,0.932456
1,0.451285,0.72958,0.838192
3,0.208871,0.818824,0.102615
2,0.850122,0.512138,0.237806
4,0.775871,0.389942,0.941247
1,0.0656207,0.0330932,0.952207
3,0.907203,0.0314129,0.941491
5,0.781829,0.31107,0.0754886
9,0.612976,0.910222,0.214
8,0.190077,0.26192,0.76611
3,0.835924,0.270789,0.225444
6,0.544916,0.818737,0.575513
8,0.334081,0.0189404,0.0180857
9,0.493671,0.493849,0.0717879
6,0.917323,0.0519643,0.729063
9,0.316208,0.170624,0.957259
8,0.0679244,0.431882,0.780983
5,0.693285,0.330762,0.36269
8,0.273933,0.72234,0.129133
1,0.424031,0.615896,0.673969
4,0.850381,0.26266,0.704756
1,0.85186,0.882905,0.909392
0,0.35331,0.983424,0.937748
8,0.47903,0.865966,0.279904
6,0.739647,0.822394,0.0186441
0,0.786137,0.289966,0.963251
9,0.730905,0.879331,0.0317573
1,0.246449,0.0995348,0.890714
2,0.124547,0.401701,0.58928
2,0.477709,0.883435,0.53433
5,0.929347,0.811537,0.289693
2,0.0778035,0.866658,0.424907
4,0.379223,0.311199,0.095858
7,0.87346,0.391958,0.873057
6,0.217563,0.23944,0.93116
6,0.428725,0.506014,0.70508
9,0.904946,0.340707,0.283216
3,0.409976,0.651705,0.752177
5,0.105867,0.0277947,0.565461
5,0.0518527,0.939252,0.253039
5,0.421234,0.0591785,0.776554
4,0.833615,0.883091,0.612332
8,0.696862,0.199034,0.891497
8,0.0564145,0.221068,0.239684
6,0.762611,0.66924,0.462687
9,0.599578,0.363444,0.714955
1,0.743888,0.655349,0.903735
4,0.244867,0.329894,0.370983
3,0.0656103,0.91084,0.690241
9,0.56228,0.49063,0.579276
3,0.981575,0.666888,0.849231
